timestep,Now vel,now ang,joy vel,joy ang,num cand,ave d_U,pub d_U,velscore,angcore,cost,distance
0,
0.772,-0.00390333,-0.0224104,0,0,46,0.948616,1,0,0,0,inf,
0.789,-0.00390333,-0.0224104,0,0,46,0.948616,1,0,0,0,inf,
1.19,0.00535879,0.0346649,0,0,57,0.942462,1,0,0,0,inf,
1.591,0.00644388,0.0453767,0,0,57,0.941466,1,0,0,0,inf,
1.991,0.00182162,0.0223522,0,0,57,0.943487,1,0,0,0,inf,
2.391,0.00640386,0.0429891,0,0,57,0.941026,1,0,0,0,inf,
